'Elapsed time','PCG'
'hh:mm:ss.mmm','mV'
'0:00.000',-3000.000
'0:00.003',800.000
'0:00.006',200.000
'0:00.009',-2000.000
'0:00.012',-3400.000
'0:00.015',-5000.000
'0:00.018',-6400.000
'0:00.021',-5800.000
'0:00.024',-3600.000
'0:00.027',800.000
'0:00.030',5200.000
'0:00.033',7200.000
'0:00.036',5600.000
'0:00.039',3800.000
'0:00.042',2000.000
'0:00.045',200.000
'0:00.048',-1600.000
'0:00.051',-1800.000
'0:00.054',-1000.000
'0:00.057',-200.000
'0:00.060',0.000
'0:00.063',0.000
'0:00.066',200.000
'0:00.069',400.000
'0:00.072',400.000
'0:00.075',200.000
'0:00.078',-200.000
'0:00.081',200.000
'0:00.084',400.000
'0:00.087',400.000
'0:00.090',0.000
'0:00.093',-400.000
'0:00.096',-400.000
'0:00.099',-600.000
'0:00.102',-800.000
'0:00.105',-800.000
'0:00.108',-800.000
'0:00.111',-1000.000
'0:00.114',-1000.000
'0:00.117',-1000.000
'0:00.120',-1000.000
'0:00.123',-1200.000
'0:00.126',-600.000
'0:00.129',-400.000
'0:00.132',0.000
'0:00.135',-200.000
'0:00.138',-400.000
'0:00.141',-400.000
'0:00.144',-200.000
'0:00.147',400.000
'0:00.150',400.000
'0:00.153',-200.000
'0:00.156',-400.000
'0:00.159',-600.000
'0:00.162',-400.000
'0:00.165',200.000
'0:00.168',600.000
'0:00.171',400.000
'0:00.174',0.000
'0:00.177',-600.000
'0:00.180',-800.000
'0:00.183',-800.000
'0:00.186',-1000.000
'0:00.189',-600.000
'0:00.192',-200.000
'0:00.195',200.000
'0:00.198',600.000
'0:00.201',400.000
'0:00.204',-200.000
'0:00.207',-600.000
'0:00.210',-600.000
'0:00.213',-400.000
'0:00.216',-400.000
'0:00.219',-200.000
'0:00.222',0.000
'0:00.225',400.000
'0:00.228',400.000
'0:00.231',400.000
'0:00.234',400.000
'0:00.237',400.000
'0:00.240',200.000
'0:00.243',-400.000
'0:00.246',-800.000
'0:00.249',-400.000
'0:00.252',200.000
'0:00.255',-2600.000
'0:00.258',-5600.000
'0:00.261',-1800.000
'0:00.264',5400.000
'0:00.267',6200.000
'0:00.270',1400.000
'0:00.273',-1600.000
'0:00.276',-800.000
'0:00.279',-1200.000
'0:00.282',-5000.000
'0:00.285',-6800.000
'0:00.288',-1200.000
'0:00.291',9400.000
'0:00.294',13400.000
'0:00.297',5200.000
'0:00.300',-5600.000
'0:00.303',-11200.000
'0:00.306',-11000.000
'0:00.309',-8200.000
'0:00.312',-3800.000
'0:00.315',1200.000
'0:00.318',4800.000
'0:00.321',6000.000
'0:00.324',4600.000
'0:00.327',1200.000
'0:00.330',-1400.000
'0:00.333',3600.000
'0:00.336',10400.000
'0:00.339',0.000
'0:00.342',-13600.000
'0:00.345',-8000.000
'0:00.348',3400.000
'0:00.351',3800.000
'0:00.354',-1000.000
'0:00.357',-2000.000
'0:00.360',1000.000
'0:00.363',5000.000
'0:00.366',6400.000
'0:00.369',4200.000
'0:00.372',200.000
'0:00.375',-3600.000
'0:00.378',-6200.000
'0:00.381',-7200.000
'0:00.384',-5600.000
'0:00.387',-4000.000
'0:00.390',-1400.000
'0:00.393',0.000
'0:00.396',200.000
'0:00.399',400.000
'0:00.402',1800.000
'0:00.405',2600.000
'0:00.408',2200.000
'0:00.411',400.000
'0:00.414',-800.000
'0:00.417',-200.000
'0:00.420',1400.000
'0:00.423',2200.000
'0:00.426',1600.000
'0:00.429',800.000
'0:00.432',600.000
'0:00.435',600.000
'0:00.438',-1000.000
'0:00.441',-4000.000
'0:00.444',-3400.000
'0:00.447',1800.000
'0:00.450',3200.000
'0:00.453',1400.000
'0:00.456',200.000
'0:00.459',-1600.000
'0:00.462',-3800.000
'0:00.465',-5400.000
'0:00.468',-5800.000
'0:00.471',-4200.000
'0:00.474',-1000.000
'0:00.477',2200.000
'0:00.480',3800.000
'0:00.483',3800.000
'0:00.486',2600.000
'0:00.489',800.000
'0:00.492',-600.000
'0:00.495',-1400.000
'0:00.498',-400.000
'0:00.502',1200.000
'0:00.505',800.000
'0:00.508',-400.000
'0:00.511',-400.000
'0:00.514',-600.000
'0:00.517',-800.000
'0:00.520',-200.000
'0:00.523',800.000
'0:00.526',1400.000
'0:00.529',1200.000
'0:00.532',400.000
'0:00.535',-400.000
'0:00.538',-600.000
'0:00.541',-800.000
'0:00.544',-1200.000
'0:00.547',-1400.000
'0:00.550',-1200.000
'0:00.553',-1400.000
'0:00.556',-2000.000
'0:00.559',-2400.000
'0:00.562',-1600.000
'0:00.565',-400.000
'0:00.568',200.000
'0:00.571',-400.000
'0:00.574',-1400.000
'0:00.577',-1400.000
'0:00.580',200.000
'0:00.583',800.000
'0:00.586',800.000
'0:00.589',1200.000
'0:00.592',1400.000
'0:00.595',800.000
'0:00.598',-200.000
'0:00.601',-400.000
'0:00.604',-600.000
'0:00.607',-600.000
'0:00.610',1000.000
'0:00.613',1800.000
'0:00.616',600.000
'0:00.619',-600.000
'0:00.622',-600.000
'0:00.625',-400.000
'0:00.628',-1400.000
'0:00.631',-2000.000
'0:00.634',-1200.000
'0:00.637',0.000
'0:00.640',1200.000
'0:00.643',2200.000
'0:00.646',2600.000
'0:00.649',2400.000
'0:00.652',1800.000
'0:00.655',600.000
'0:00.658',-600.000
'0:00.661',-1400.000
'0:00.664',-1600.000
'0:00.667',-1800.000
'0:00.670',-2400.000
'0:00.673',-3200.000
'0:00.676',-3200.000
'0:00.679',-2800.000
'0:00.682',-2600.000
'0:00.685',-2200.000
'0:00.688',-1800.000
'0:00.691',-800.000
'0:00.694',1600.000
'0:00.697',1200.000
'0:00.700',-2400.000
'0:00.703',-800.000
'0:00.706',6600.000
'0:00.709',10200.000
'0:00.712',6400.000
'0:00.715',1600.000
'0:00.718',600.000
'0:00.721',-1000.000
'0:00.724',-5800.000
'0:00.727',-9600.000
'0:00.730',-6600.000
'0:00.733',800.000
'0:00.736',6800.000
'0:00.739',6200.000
'0:00.742',1400.000
'0:00.745',-4200.000
'0:00.748',-7000.000
'0:00.751',-6200.000
'0:00.754',-2600.000
'0:00.757',1400.000
'0:00.760',4600.000
'0:00.763',6200.000
'0:00.766',5400.000
'0:00.769',2600.000
'0:00.772',-400.000
'0:00.775',-2400.000
'0:00.778',-2400.000
'0:00.781',-1800.000
'0:00.784',-1000.000
'0:00.787',-400.000
'0:00.790',600.000
'0:00.793',1800.000
'0:00.796',1800.000
'0:00.799',600.000
'0:00.802',-400.000
'0:00.805',-1400.000
'0:00.808',-1600.000
'0:00.811',-1800.000
'0:00.814',-2200.000
'0:00.817',-2400.000
'0:00.820',-2000.000
'0:00.823',-1200.000
'0:00.826',-800.000
'0:00.829',-400.000
'0:00.832',200.000
'0:00.835',400.000
'0:00.838',0.000
'0:00.841',-400.000
'0:00.844',-200.000
'0:00.847',400.000
'0:00.850',600.000
'0:00.853',600.000
'0:00.856',600.000
'0:00.859',800.000
'0:00.862',1200.000
'0:00.865',2000.000
'0:00.868',1600.000
'0:00.871',600.000
'0:00.874',-400.000
'0:00.877',-1000.000
'0:00.880',-800.000
'0:00.883',-1800.000
'0:00.886',-2200.000
'0:00.889',1400.000
'0:00.892',2800.000
'0:00.895',1600.000
'0:00.898',600.000
'0:00.901',-1000.000
'0:00.904',-2600.000
'0:00.907',-3200.000
'0:00.910',-4200.000
'0:00.913',-4200.000
'0:00.916',-600.000
'0:00.919',3000.000
'0:00.922',3400.000
'0:00.925',2000.000
'0:00.928',1000.000
'0:00.931',-200.000
'0:00.934',-1400.000
'0:00.937',-2200.000
'0:00.940',-2200.000
'0:00.943',-1000.000
'0:00.946',0.000
'0:00.949',800.000
'0:00.952',1000.000
'0:00.955',600.000
'0:00.958',600.000
'0:00.961',1000.000
'0:00.964',1600.000
'0:00.967',1600.000
'0:00.970',1400.000
'0:00.973',1400.000
'0:00.976',800.000
'0:00.979',-400.000
'0:00.982',-1400.000
'0:00.985',-2000.000
'0:00.988',-2400.000
'0:00.991',-2600.000
'0:00.994',-2400.000
'0:00.997',-2000.000
'0:01.000',-1800.000
'0:01.003',-600.000
'0:01.006',-200.000
'0:01.009',800.000
'0:01.012',800.000
'0:01.015',1200.000
'0:01.018',600.000
'0:01.021',400.000
'0:01.024',0.000
'0:01.027',0.000
'0:01.030',200.000
'0:01.033',0.000
'0:01.036',200.000
'0:01.039',0.000
'0:01.042',0.000
'0:01.045',-200.000
'0:01.048',-200.000
'0:01.051',-600.000
'0:01.054',-400.000
'0:01.057',-200.000
'0:01.060',-200.000
'0:01.063',-200.000
'0:01.066',-200.000
'0:01.069',0.000
'0:01.072',200.000
'0:01.075',-200.000
'0:01.078',-200.000
'0:01.081',-400.000
'0:01.084',-600.000
'0:01.087',-200.000
'0:01.090',400.000
'0:01.093',800.000
'0:01.096',1000.000
'0:01.099',800.000
'0:01.102',400.000
'0:01.105',-600.000
'0:01.108',-1200.000
'0:01.111',-1600.000
'0:01.114',-1000.000
'0:01.117',-600.000
'0:01.120',-400.000
'0:01.123',0.000
'0:01.126',-600.000
'0:01.129',-400.000
'0:01.132',-400.000
'0:01.135',-400.000
'0:01.138',-600.000
'0:01.141',-600.000
'0:01.144',600.000
'0:01.147',1400.000
'0:01.150',-1800.000
'0:01.153',-6000.000
'0:01.156',-3000.000
'0:01.159',5000.000
'0:01.162',7000.000
'0:01.165',2800.000
'0:01.168',-600.000
'0:01.171',0.000
'0:01.174',-800.000
'0:01.177',-4800.000
'0:01.180',-6200.000
'0:01.183',-1200.000
'0:01.186',6200.000
'0:01.189',9600.000
'0:01.192',5800.000
'0:01.195',-1400.000
'0:01.198',-6800.000
'0:01.201',-8200.000
'0:01.204',-6200.000
'0:01.207',-2200.000
'0:01.210',1800.000
'0:01.213',4400.000
'0:01.216',4600.000
'0:01.219',2800.000
'0:01.222',200.000
'0:01.225',-1800.000
'0:01.228',-3200.000
'0:01.231',-3000.000
'0:01.234',-1800.000
'0:01.237',-600.000
'0:01.240',600.000
'0:01.243',1800.000
'0:01.246',2400.000
'0:01.249',2000.000
'0:01.252',1000.000
'0:01.255',600.000
'0:01.258',-600.000
'0:01.261',-1000.000
'0:01.264',-600.000
'0:01.267',-1000.000
'0:01.270',-1000.000
'0:01.273',-1000.000
'0:01.276',-800.000
'0:01.279',-200.000
'0:01.282',600.000
'0:01.285',-400.000
'0:01.288',-1600.000
'0:01.291',-2200.000
'0:01.294',-2800.000
'0:01.297',-2800.000
'0:01.300',-2600.000
'0:01.303',-1800.000
'0:01.306',400.000
'0:01.309',3400.000
'0:01.312',5000.000
'0:01.315',5400.000
'0:01.318',5800.000
'0:01.321',5800.000
'0:01.324',4800.000
'0:01.327',2800.000
'0:01.330',200.000
'0:01.333',-2800.000
'0:01.336',-6400.000
'0:01.339',-8000.000
'0:01.342',-3800.000
'0:01.345',-800.000
'0:01.348',-1400.000
'0:01.351',-2000.000
'0:01.354',-3200.000
'0:01.357',-4200.000
'0:01.360',-4600.000
'0:01.363',-4800.000
'0:01.366',-4000.000
'0:01.369',200.000
'0:01.372',5400.000
'0:01.375',7400.000
'0:01.378',6200.000
'0:01.381',3800.000
'0:01.384',2000.000
'0:01.387',200.000
'0:01.390',-1200.000
'0:01.393',-1600.000
'0:01.396',-400.000
'0:01.399',600.000
'0:01.402',400.000
'0:01.405',-200.000
'0:01.408',-1400.000
'0:01.411',-1200.000
'0:01.414',-1000.000
'0:01.417',-400.000
'0:01.420',-400.000
'0:01.423',0.000
'0:01.426',600.000
'0:01.429',600.000
'0:01.432',800.000
'0:01.435',600.000
'0:01.438',400.000
'0:01.441',400.000
'0:01.444',200.000
'0:01.447',200.000
'0:01.450',0.000
'0:01.453',-400.000
'0:01.456',-800.000
'0:01.459',-1400.000
'0:01.462',-2000.000
'0:01.465',-2000.000
'0:01.468',-1600.000
'0:01.471',-1000.000
'0:01.474',-800.000
'0:01.477',-400.000
'0:01.480',-200.000
'0:01.483',400.000
'0:01.486',400.000
'0:01.489',200.000
'0:01.492',-400.000
'0:01.495',-600.000
'0:01.498',-200.000
'0:01.502',-200.000
'0:01.505',-400.000
'0:01.508',-400.000
'0:01.511',-200.000
'0:01.514',0.000
'0:01.517',200.000
'0:01.520',600.000
'0:01.523',-200.000
'0:01.526',0.000
'0:01.529',0.000
'0:01.532',0.000
'0:01.535',-200.000
'0:01.538',200.000
'0:01.541',600.000
'0:01.544',600.000
'0:01.547',400.000
'0:01.550',0.000
'0:01.553',-400.000
'0:01.556',-800.000
'0:01.559',-1000.000
'0:01.562',-1200.000
'0:01.565',-600.000
'0:01.568',800.000
'0:01.571',2000.000
'0:01.574',1600.000
'0:01.577',0.000
'0:01.580',-1200.000
'0:01.583',-1200.000
'0:01.586',-800.000
'0:01.589',-800.000
'0:01.592',200.000
'0:01.595',1000.000
'0:01.598',-2000.000
'0:01.601',-7000.000
'0:01.604',-5200.000
'0:01.607',2800.000
'0:01.610',6800.000
'0:01.613',3400.000
'0:01.616',-400.000
'0:01.619',0.000
'0:01.622',200.000
'0:01.625',-2800.000
'0:01.628',-4600.000
'0:01.631',-1000.000
'0:01.634',5200.000
'0:01.637',8800.000
'0:01.640',6800.000
'0:01.643',800.000
'0:01.646',-5600.000
'0:01.649',-9000.000
'0:01.652',-8800.000
'0:01.655',-5600.000
'0:01.658',-1000.000
'0:01.661',2200.000
'0:01.664',3000.000
'0:01.667',2600.000
'0:01.670',1400.000
'0:01.673',-200.000
'0:01.676',-1600.000
'0:01.679',-1600.000
'0:01.682',-600.000
'0:01.685',600.000
'0:01.688',1800.000
'0:01.691',2800.000
'0:01.694',3600.000
'0:01.697',3000.000
'0:01.700',2400.000
'0:01.703',1600.000
'0:01.706',400.000
'0:01.709',-1000.000
'0:01.712',-1800.000
'0:01.715',-2400.000
'0:01.718',-2400.000
'0:01.721',-2200.000
'0:01.724',-2400.000
'0:01.727',-2200.000
'0:01.730',-1800.000
'0:01.733',-1800.000
'0:01.736',-1800.000
'0:01.739',-2200.000
'0:01.742',-2200.000
'0:01.745',-600.000
'0:01.748',600.000
'0:01.751',1200.000
'0:01.754',1000.000
'0:01.757',1000.000
'0:01.760',3600.000
'0:01.763',5800.000
'0:01.766',4200.000
'0:01.769',1800.000
'0:01.772',600.000
'0:01.775',200.000
'0:01.778',-400.000
'0:01.781',-800.000
'0:01.784',-2000.000
'0:01.787',-3200.000
'0:01.790',-800.000
'0:01.793',1000.000
'0:01.796',-400.000
'0:01.799',-1400.000
'0:01.802',-1400.000
'0:01.805',-2400.000
'0:01.808',-4600.000
'0:01.811',-6600.000
'0:01.814',-5400.000
'0:01.817',0.000
'0:01.820',5200.000
'0:01.823',4600.000
'0:01.826',1400.000
'0:01.829',400.000
'0:01.832',400.000
'0:01.835',-400.000
'0:01.838',-1200.000
'0:01.841',-600.000
'0:01.844',1800.000
'0:01.847',3400.000
'0:01.850',3600.000
'0:01.853',2400.000
'0:01.856',1600.000
'0:01.859',800.000
'0:01.862',400.000
'0:01.865',-400.000
'0:01.868',-1200.000
'0:01.871',-1200.000
'0:01.874',-1800.000
'0:01.877',-2000.000
'0:01.880',-1400.000
'0:01.883',-1200.000
'0:01.886',-1400.000
'0:01.889',-800.000
'0:01.892',-600.000
'0:01.895',-800.000
'0:01.898',-1000.000
'0:01.901',-1000.000
'0:01.904',-1000.000
'0:01.907',-600.000
'0:01.910',-200.000
'0:01.913',200.000
'0:01.916',-200.000
'0:01.919',-800.000
'0:01.922',-600.000
'0:01.925',-200.000
'0:01.928',-200.000
'0:01.931',-400.000
'0:01.934',400.000
'0:01.937',800.000
'0:01.940',1200.000
'0:01.943',1000.000
'0:01.946',600.000
'0:01.949',800.000
'0:01.952',1200.000
'0:01.955',1000.000
'0:01.958',400.000
'0:01.961',-200.000
'0:01.964',-1000.000
'0:01.967',-1000.000
'0:01.970',-1200.000
'0:01.973',-2200.000
'0:01.976',-2400.000
'0:01.979',-2400.000
'0:01.982',-2200.000
'0:01.985',-800.000
'0:01.988',1000.000
'0:01.991',2800.000
'0:01.994',4200.000
'0:01.997',5200.000
'0:02.000',4600.000
'0:02.003',3000.000
'0:02.006',1600.000
'0:02.009',-400.000
'0:02.012',-2400.000
'0:02.015',-3200.000
'0:02.018',-3400.000
'0:02.021',-3200.000
'0:02.024',-3000.000
'0:02.027',-3000.000
'0:02.030',-2400.000
'0:02.033',-1800.000
'0:02.036',-1800.000
'0:02.039',-1800.000
'0:02.042',-1400.000
'0:02.045',200.000
'0:02.048',2200.000
'0:02.051',200.000
'0:02.054',-3800.000
'0:02.057',-1600.000
'0:02.060',5400.000
'0:02.063',7600.000
'0:02.066',4600.000
'0:02.069',800.000
'0:02.072',-200.000
'0:02.075',-1800.000
'0:02.078',-6000.000
'0:02.081',-7800.000
'0:02.084',-3200.000
'0:02.087',3400.000
'0:02.090',7000.000
'0:02.093',4800.000
'0:02.096',-600.000
'0:02.099',-5200.000
'0:02.102',-6400.000
'0:02.105',-4400.000
'0:02.108',-1000.000
'0:02.111',3200.000
'0:02.114',5400.000
'0:02.117',5000.000
'0:02.120',3400.000
'0:02.123',1200.000
'0:02.126',-600.000
'0:02.129',-1800.000
'0:02.132',-2000.000
'0:02.135',-1400.000
'0:02.138',-400.000
'0:02.141',800.000
'0:02.144',1800.000
'0:02.147',2200.000
'0:02.150',1400.000
'0:02.153',600.000
'0:02.156',-400.000
'0:02.159',-1800.000
'0:02.162',-2200.000
'0:02.165',-2600.000
'0:02.168',-2600.000
'0:02.171',-2200.000
'0:02.174',-2200.000
'0:02.177',-2200.000
'0:02.180',-1200.000
'0:02.183',-800.000
'0:02.186',-800.000
'0:02.189',-800.000
'0:02.192',-400.000
'0:02.195',800.000
'0:02.198',1400.000
'0:02.201',1000.000
'0:02.204',400.000
'0:02.207',800.000
'0:02.210',1200.000
'0:02.213',1200.000
'0:02.216',1000.000
'0:02.219',1200.000
'0:02.222',1800.000
'0:02.225',2000.000
'0:02.228',1600.000
'0:02.231',400.000
'0:02.234',-1200.000
'0:02.237',-2800.000
'0:02.240',-3800.000
'0:02.243',-200.000
'0:02.246',3000.000
'0:02.249',1800.000
'0:02.252',800.000
'0:02.255',-400.000
'0:02.258',-2800.000
'0:02.261',-4400.000
'0:02.264',-4600.000
'0:02.267',-3200.000
'0:02.270',-600.000
'0:02.273',2200.000
'0:02.276',3000.000
'0:02.279',2000.000
'0:02.282',800.000
'0:02.285',-600.000
'0:02.288',-1800.000
'0:02.291',-1600.000
'0:02.294',-600.000
'0:02.297',0.000
'0:02.300',-200.000
'0:02.303',400.000
'0:02.306',2000.000
'0:02.309',2200.000
'0:02.312',1200.000
'0:02.315',1000.000
'0:02.318',2000.000
'0:02.321',2400.000
'0:02.324',800.000
'0:02.327',-1200.000
'0:02.330',-2400.000
'0:02.333',-3400.000
'0:02.336',-3200.000
'0:02.339',-2400.000
'0:02.342',-1600.000
'0:02.345',-1800.000
'0:02.348',-1800.000
'0:02.351',-600.000
'0:02.354',1000.000
'0:02.357',1600.000
'0:02.360',1400.000
'0:02.363',600.000
'0:02.366',200.000
'0:02.369',600.000
'0:02.372',1400.000
'0:02.375',1600.000
'0:02.378',400.000
'0:02.381',-800.000
'0:02.384',-400.000
'0:02.387',1200.000
'0:02.390',1000.000
'0:02.393',-600.000
'0:02.396',-800.000
'0:02.399',0.000
'0:02.402',-600.000
'0:02.405',-2200.000
'0:02.408',-3400.000
'0:02.411',-2800.000
'0:02.414',-800.000
'0:02.417',600.000
'0:02.420',600.000
'0:02.423',400.000
'0:02.426',400.000
'0:02.429',400.000
'0:02.432',400.000
'0:02.435',400.000
'0:02.438',0.000
'0:02.441',200.000
'0:02.444',600.000
'0:02.447',1600.000
'0:02.450',1200.000
'0:02.453',400.000
'0:02.456',-200.000
'0:02.459',-400.000
'0:02.462',-600.000
'0:02.465',-1000.000
'0:02.468',-1600.000
'0:02.471',-1400.000
'0:02.474',-400.000
'0:02.477',-600.000
'0:02.480',-600.000
'0:02.483',-400.000
'0:02.486',-200.000
'0:02.489',-400.000
'0:02.492',-2200.000
'0:02.495',-1600.000
'0:02.498',3600.000
'0:02.502',7000.000
'0:02.505',1600.000
'0:02.508',-7200.000
'0:02.511',-5600.000
'0:02.514',3800.000
'0:02.517',6400.000
'0:02.520',1400.000
'0:02.523',-2000.000
'0:02.526',-600.000
'0:02.529',-200.000
'0:02.532',-4400.000
'0:02.535',-7600.000
'0:02.538',-4600.000
'0:02.541',2400.000
'0:02.544',7400.000
'0:02.547',7000.000
'0:02.550',2400.000
'0:02.553',-2600.000
'0:02.556',-4800.000
'0:02.559',-4000.000
'0:02.562',-1200.000
'0:02.565',2200.000
'0:02.568',3400.000
'0:02.571',600.000
'0:02.574',-1800.000
'0:02.577',-200.000
'0:02.580',1200.000
'0:02.583',-1400.000
'0:02.586',-6200.000
'0:02.589',-5000.000
'0:02.592',2600.000
'0:02.595',7400.000
'0:02.598',6400.000
'0:02.601',4200.000
'0:02.604',2200.000
'0:02.607',-1200.000
'0:02.610',-5800.000
'0:02.613',-8800.000
'0:02.616',-8200.000
'0:02.619',-3800.000
'0:02.622',2000.000
'0:02.625',4600.000
'0:02.628',3200.000
'0:02.631',1400.000
'0:02.634',2000.000
'0:02.637',2600.000
'0:02.640',1600.000
'0:02.643',-1200.000
'0:02.646',-2600.000
'0:02.649',-1800.000
'0:02.652',-1800.000
'0:02.655',-4200.000
'0:02.658',-5400.000
'0:02.661',-400.000
'0:02.664',-1200.000
'0:02.667',-6800.000
'0:02.670',2600.000
'0:02.673',9400.000
'0:02.676',22800.000
'0:02.679',25400.000
'0:02.682',2000.000
'0:02.685',-11600.000
'0:02.688',-19000.000
'0:02.691',-25600.000
'0:02.694',-18000.000
'0:02.697',7600.000
'0:02.700',18000.000
'0:02.703',22400.000
'0:02.706',25400.000
'0:02.709',21800.000
'0:02.712',6400.000
'0:02.715',-4000.000
'0:02.718',-7400.000
'0:02.721',-8800.000
'0:02.724',-4400.000
'0:02.727',4200.000
'0:02.730',9200.000
'0:02.733',8400.000
'0:02.736',8000.000
'0:02.739',7600.000
'0:02.742',1000.000
'0:02.745',-3600.000
'0:02.748',-6400.000
'0:02.751',-8600.000
'0:02.754',-7600.000
'0:02.757',-5000.000
'0:02.760',-2000.000
'0:02.763',3000.000
'0:02.766',9400.000
'0:02.769',10600.000
'0:02.772',9400.000
'0:02.775',8200.000
'0:02.778',5400.000
'0:02.781',3200.000
'0:02.784',4000.000
'0:02.787',5800.000
'0:02.790',5000.000
'0:02.793',2000.000
'0:02.796',-800.000
'0:02.799',-2400.000
'0:02.802',-3800.000
'0:02.805',-5400.000
'0:02.808',-7000.000
'0:02.811',-6400.000
'0:02.814',-4200.000
'0:02.817',-2400.000
'0:02.820',-1400.000
'0:02.823',-400.000
'0:02.826',1800.000
'0:02.829',5000.000
'0:02.832',5400.000
'0:02.835',1400.000
'0:02.838',-3600.000
'0:02.841',-3200.000
'0:02.844',3200.000
'0:02.847',9200.000
'0:02.850',4800.000
'0:02.853',-3400.000
'0:02.856',-3400.000
'0:02.859',400.000
'0:02.862',1000.000
'0:02.865',-200.000
'0:02.868',2200.000
'0:02.871',4200.000
'0:02.874',600.000
'0:02.877',-4000.000
'0:02.880',-5200.000
'0:02.883',-3000.000
'0:02.886',-800.000
'0:02.889',800.000
'0:02.892',400.000
'0:02.895',-1200.000
'0:02.898',-1800.000
'0:02.901',-1000.000
'0:02.904',1000.000
'0:02.907',2000.000
'0:02.910',1200.000
'0:02.913',1000.000
'0:02.916',1600.000
'0:02.919',1800.000
'0:02.922',1000.000
'0:02.925',-400.000
'0:02.928',-1200.000
'0:02.931',-1600.000
'0:02.934',-2000.000
'0:02.937',-2400.000
'0:02.940',-2000.000
'0:02.943',-1400.000
'0:02.946',-800.000
'0:02.949',600.000
'0:02.952',2000.000
'0:02.955',1000.000
'0:02.958',-3000.000
'0:02.961',-1000.000
'0:02.964',5000.000
'0:02.967',6400.000
'0:02.970',3000.000
'0:02.973',600.000
'0:02.976',800.000
'0:02.979',0.000
'0:02.982',-3400.000
'0:02.985',-4800.000
'0:02.988',-2200.000
'0:02.991',2000.000
'0:02.994',3200.000
'0:02.997',800.000
'0:03.000',-3200.000
'0:03.003',-6000.000
'0:03.006',-6000.000
'0:03.009',-3000.000
'0:03.012',600.000
'0:03.015',3600.000
'0:03.018',3600.000
'0:03.021',1800.000
'0:03.024',-1200.000
'0:03.027',-3000.000
'0:03.030',-2600.000
'0:03.033',-1400.000
'0:03.036',200.000
'0:03.039',1400.000
'0:03.042',2000.000
'0:03.045',2400.000
'0:03.048',3000.000
'0:03.051',3000.000
'0:03.054',2400.000
'0:03.057',800.000
'0:03.060',-200.000
'0:03.063',-800.000
'0:03.066',-1400.000
'0:03.069',-2000.000
'0:03.072',-2000.000
'0:03.075',-1200.000
'0:03.078',-1400.000
'0:03.081',-1600.000
'0:03.084',-1000.000
'0:03.087',0.000
'0:03.090',-200.000
'0:03.093',-600.000
'0:03.096',-800.000
'0:03.099',-800.000
'0:03.102',200.000
'0:03.105',800.000
'0:03.108',400.000
'0:03.111',400.000
'0:03.114',800.000
'0:03.117',1600.000
'0:03.120',2000.000
'0:03.123',1800.000
'0:03.126',1200.000
'0:03.129',400.000
'0:03.132',0.000
'0:03.135',-600.000
'0:03.138',-1600.000
'0:03.141',-3200.000
'0:03.144',-5200.000
'0:03.147',-3400.000
'0:03.150',1000.000
'0:03.153',1400.000
'0:03.156',-200.000
'0:03.159',-3200.000
'0:03.162',-6200.000
'0:03.165',-5000.000
'0:03.168',600.000
'0:03.171',4400.000
'0:03.174',4200.000
'0:03.177',3600.000
'0:03.180',3400.000
'0:03.183',2400.000
'0:03.186',1000.000
'0:03.189',-400.000
'0:03.192',-800.000
'0:03.195',-800.000
'0:03.198',-800.000
'0:03.201',-600.000
'0:03.204',-200.000
'0:03.207',0.000
'0:03.210',0.000
'0:03.213',-200.000
'0:03.216',-600.000
'0:03.219',-1200.000
'0:03.222',-1400.000
'0:03.225',-1400.000
'0:03.228',-1000.000
'0:03.231',-800.000
'0:03.234',-800.000
'0:03.237',-1000.000
'0:03.240',-1400.000
'0:03.243',-1600.000
'0:03.246',-1200.000
'0:03.249',-800.000
'0:03.252',-400.000
'0:03.255',0.000
'0:03.258',400.000
'0:03.261',1200.000
'0:03.264',1200.000
'0:03.267',1600.000
'0:03.270',1600.000
'0:03.273',1600.000
'0:03.276',1400.000
'0:03.279',1000.000
'0:03.282',200.000
'0:03.285',-600.000
'0:03.288',-800.000
'0:03.291',-1000.000
'0:03.294',-800.000
'0:03.297',-1200.000
'0:03.300',-1600.000
'0:03.303',-1400.000
'0:03.306',-1600.000
'0:03.309',-1200.000
'0:03.312',-1200.000
'0:03.315',-1000.000
'0:03.318',-600.000
'0:03.321',0.000
'0:03.324',-200.000
'0:03.327',-600.000
'0:03.330',-600.000
'0:03.333',0.000
'0:03.336',800.000
'0:03.339',1200.000
'0:03.342',1000.000
'0:03.345',1200.000
'0:03.348',1600.000
'0:03.351',2000.000
'0:03.354',1400.000
'0:03.357',0.000
'0:03.360',-1000.000
'0:03.363',-1600.000
'0:03.366',-2000.000
'0:03.369',-2400.000
'0:03.372',-2400.000
'0:03.375',-1800.000
'0:03.378',-2000.000
'0:03.381',-3400.000
'0:03.384',-2800.000
'0:03.387',1000.000
'0:03.390',3600.000
'0:03.393',4000.000
'0:03.396',3000.000
'0:03.399',2200.000
'0:03.402',-1400.000
'0:03.405',-4800.000
'0:03.408',-2000.000
'0:03.411',4600.000
'0:03.414',4800.000
'0:03.417',-200.000
'0:03.420',-3200.000
'0:03.423',-2200.000
'0:03.426',-2400.000
'0:03.429',-5200.000
'0:03.432',-5200.000
'0:03.435',-200.000
'0:03.438',5800.000
'0:03.441',7800.000
'0:03.444',5000.000
'0:03.447',-1200.000
'0:03.450',-6000.000
'0:03.453',-7000.000
'0:03.456',-5800.000
'0:03.459',-5000.000
'0:03.462',4200.000
'0:03.465',18800.000
'0:03.468',15800.000
'0:03.471',-3600.000
'0:03.474',-11400.000
'0:03.477',-9200.000
'0:03.480',-7600.000
'0:03.483',-6200.000
'0:03.486',-3600.000
'0:03.489',2000.000
'0:03.492',5000.000
'0:03.495',3800.000
'0:03.498',3200.000
'0:03.502',4600.000
'0:03.505',5000.000
'0:03.508',2800.000
'0:03.511',-600.000
'0:03.514',-1000.000
'0:03.517',200.000
'0:03.520',-1000.000
'0:03.523',-2600.000
'0:03.526',-2200.000
'0:03.529',-2600.000
'0:03.532',-4000.000
'0:03.535',-2600.000
'0:03.538',200.000
'0:03.541',-1800.000
'0:03.544',-4400.000
'0:03.547',-2400.000
'0:03.550',800.000
'0:03.553',200.000
'0:03.556',-1400.000
'0:03.559',-600.000
'0:03.562',2000.000
'0:03.565',3600.000
'0:03.568',2800.000
'0:03.571',-400.000
'0:03.574',-400.000
'0:03.577',3600.000
'0:03.580',4200.000
'0:03.583',-800.000
'0:03.586',-3200.000
'0:03.589',-2800.000
'0:03.592',-3000.000
'0:03.595',-800.000
'0:03.598',2600.000
'0:03.601',2200.000
'0:03.604',600.000
'0:03.607',0.000
'0:03.610',-1800.000
'0:03.613',-4200.000
'0:03.616',-5200.000
'0:03.619',-3600.000
'0:03.622',-200.000
'0:03.625',2800.000
'0:03.628',2200.000
'0:03.631',-800.000
'0:03.634',4000.000
'0:03.637',14000.000
'0:03.640',7400.000
'0:03.643',-11800.000
'0:03.646',-19800.000
'0:03.649',-6600.000
'0:03.652',6200.000
'0:03.655',4800.000
'0:03.658',1800.000
'0:03.661',3200.000
'0:03.664',3600.000
'0:03.667',1800.000
'0:03.670',400.000
'0:03.673',600.000
'0:03.676',-800.000
'0:03.679',-3000.000
'0:03.682',-4400.000
'0:03.685',-5400.000
'0:03.688',-4000.000
'0:03.691',-800.000
'0:03.694',1200.000
'0:03.697',800.000
'0:03.700',1000.000
'0:03.703',2600.000
'0:03.706',3000.000
'0:03.709',1800.000
'0:03.712',400.000
'0:03.715',-200.000
'0:03.718',-200.000
'0:03.721',-400.000
'0:03.724',-400.000
'0:03.727',-200.000
'0:03.730',0.000
'0:03.733',-200.000
'0:03.736',200.000
'0:03.739',0.000
'0:03.742',-800.000
'0:03.745',-1600.000
'0:03.748',-2000.000
'0:03.751',-2000.000
'0:03.754',-2000.000
'0:03.757',-1000.000
'0:03.760',400.000
'0:03.763',1000.000
'0:03.766',1400.000
'0:03.769',1600.000
'0:03.772',800.000
'0:03.775',-1000.000
'0:03.778',-2400.000
'0:03.781',-600.000
'0:03.784',3600.000
'0:03.787',4000.000
'0:03.790',200.000
'0:03.793',-2800.000
'0:03.796',-2800.000
'0:03.799',-1800.000
'0:03.802',1600.000
'0:03.805',4800.000
'0:03.808',3800.000
'0:03.811',-2200.000
'0:03.814',-7600.000
'0:03.817',-6800.000
'0:03.820',-1800.000
'0:03.823',1800.000
'0:03.826',2000.000
'0:03.829',800.000
'0:03.832',200.000
'0:03.835',0.000
'0:03.838',-200.000
'0:03.841',2000.000
'0:03.844',2400.000
'0:03.847',-3800.000
'0:03.850',-3200.000
'0:03.853',6800.000
'0:03.856',8800.000
'0:03.859',-1200.000
'0:03.862',-7600.000
'0:03.865',-4200.000
'0:03.868',200.000
'0:03.871',-1800.000
'0:03.874',-4800.000
'0:03.877',-3200.000
'0:03.880',3000.000
'0:03.883',9600.000
'0:03.886',9400.000
'0:03.889',3000.000
'0:03.892',-4200.000
'0:03.895',-8600.000
'0:03.898',-9200.000
'0:03.901',-6000.000
'0:03.904',-2200.000
'0:03.907',400.000
'0:03.910',4000.000
'0:03.913',10200.000
'0:03.916',11000.000
'0:03.919',3000.000
'0:03.922',-6000.000
'0:03.925',-9000.000
'0:03.928',-6600.000
'0:03.931',-2600.000
'0:03.934',1000.000
'0:03.937',3000.000
'0:03.940',2200.000
'0:03.943',600.000
'0:03.946',200.000
'0:03.949',400.000
'0:03.952',200.000
'0:03.955',400.000
'0:03.958',0.000
'0:03.961',-400.000
'0:03.964',600.000
'0:03.967',1400.000
'0:03.970',200.000
'0:03.973',-800.000
'0:03.976',-600.000
'0:03.979',1000.000
'0:03.982',1400.000
'0:03.985',0.000
'0:03.988',-1200.000
'0:03.991',-1400.000
'0:03.994',-800.000
'0:03.997',-1000.000
'0:04.000',-1800.000
'0:04.003',-1800.000
'0:04.006',-1800.000
'0:04.009',-2200.000
'0:04.012',-2200.000
'0:04.015',-800.000
'0:04.018',1000.000
'0:04.021',1600.000
'0:04.024',1200.000
'0:04.027',200.000
'0:04.030',-800.000
'0:04.033',-2400.000
'0:04.036',-2800.000
'0:04.039',1800.000
'0:04.042',4600.000
'0:04.045',4400.000
'0:04.048',3200.000
'0:04.051',400.000
'0:04.054',-2200.000
'0:04.057',-2400.000
'0:04.060',-1800.000
'0:04.063',-1200.000
'0:04.066',1000.000
'0:04.069',2800.000
'0:04.072',2200.000
'0:04.075',-600.000
'0:04.078',-2400.000
'0:04.081',-3600.000
'0:04.084',-4400.000
'0:04.087',-4600.000
'0:04.090',-3000.000
'0:04.093',-200.000
'0:04.096',1600.000
'0:04.099',2400.000
'0:04.102',2400.000
'0:04.105',2800.000
'0:04.108',3000.000
'0:04.111',2800.000
'0:04.114',2000.000
'0:04.117',1600.000
'0:04.120',1000.000
'0:04.123',400.000
'0:04.126',-1000.000
'0:04.129',-1800.000
'0:04.132',-1800.000
'0:04.135',-2000.000
'0:04.138',-1600.000
'0:04.141',-1600.000
'0:04.144',-1800.000
'0:04.147',-1800.000
'0:04.150',-1400.000
'0:04.153',-800.000
'0:04.156',-400.000
'0:04.159',-400.000
'0:04.162',-600.000
'0:04.165',-600.000
'0:04.168',600.000
'0:04.171',2200.000
'0:04.174',1800.000
'0:04.177',-200.000
'0:04.180',-1400.000
'0:04.183',-1200.000
'0:04.186',-800.000
'0:04.189',-400.000
'0:04.192',400.000
'0:04.195',800.000
'0:04.198',1400.000
'0:04.201',1400.000
'0:04.204',1600.000
'0:04.207',1200.000
'0:04.210',200.000
'0:04.213',-400.000
'0:04.216',-800.000
'0:04.219',-2000.000
'0:04.222',-3600.000
'0:04.225',-4000.000
'0:04.228',-2400.000
'0:04.231',-200.000
'0:04.234',600.000
'0:04.237',600.000
'0:04.240',200.000
'0:04.243',200.000
'0:04.246',600.000
'0:04.249',800.000
'0:04.252',600.000
'0:04.255',800.000
'0:04.258',1000.000
'0:04.261',600.000
'0:04.264',400.000
'0:04.267',400.000
'0:04.270',400.000
'0:04.273',0.000
'0:04.276',-600.000
'0:04.279',-1000.000
'0:04.282',-1000.000
'0:04.285',0.000
'0:04.288',2000.000
'0:04.291',800.000
'0:04.294',-4200.000
'0:04.297',-2200.000
'0:04.300',4000.000
'0:04.303',3200.000
'0:04.306',-1400.000
'0:04.309',1600.000
'0:04.312',7600.000
'0:04.315',1800.000
'0:04.318',-7800.000
'0:04.321',-14600.000
'0:04.324',-12200.000
'0:04.327',400.000
'0:04.330',10000.000
'0:04.333',7800.000
'0:04.336',-1400.000
'0:04.339',-8400.000
'0:04.342',-9200.000
'0:04.345',-5200.000
'0:04.348',1000.000
'0:04.351',6600.000
'0:04.354',9000.000
'0:04.357',8200.000
'0:04.360',5800.000
'0:04.363',2400.000
'0:04.366',200.000
'0:04.369',-200.000
'0:04.372',-400.000
'0:04.375',-800.000
'0:04.378',-800.000
'0:04.381',-600.000
'0:04.384',-400.000
'0:04.387',-1400.000
'0:04.390',-2400.000
'0:04.393',-2800.000
'0:04.396',-2800.000
'0:04.399',-2600.000
'0:04.402',-2600.000
'0:04.405',-2200.000
'0:04.408',-1400.000
'0:04.411',-600.000
'0:04.414',-400.000
'0:04.417',-200.000
'0:04.420',400.000
'0:04.423',800.000
'0:04.426',600.000
'0:04.429',1000.000
'0:04.432',1200.000
'0:04.435',1000.000
'0:04.438',400.000
'0:04.441',-200.000
'0:04.444',-200.000
'0:04.447',0.000
'0:04.450',600.000
'0:04.453',1000.000
'0:04.456',1600.000
'0:04.459',2200.000
'0:04.462',2000.000
'0:04.465',800.000
'0:04.468',-800.000
'0:04.471',-1600.000
'0:04.474',-1600.000
'0:04.477',-2600.000
'0:04.480',-4600.000
'0:04.483',-3400.000
'0:04.486',800.000
'0:04.489',2200.000
'0:04.492',2000.000
'0:04.495',400.000
'0:04.498',-3200.000
'0:04.502',-4800.000
'0:04.505',-2800.000
'0:04.508',-400.000
'0:04.511',1200.000
'0:04.514',3400.000
'0:04.517',4600.000
'0:04.520',3800.000
'0:04.523',1800.000
'0:04.526',-200.000
'0:04.529',-1800.000
'0:04.532',-2200.000
'0:04.535',-1600.000
'0:04.538',-600.000
'0:04.541',0.000
'0:04.544',400.000
'0:04.547',1000.000
'0:04.550',1200.000
'0:04.553',800.000
'0:04.556',-400.000
'0:04.559',-400.000
'0:04.562',-200.000
'0:04.565',0.000
'0:04.568',-400.000
'0:04.571',-1200.000
'0:04.574',-1600.000
'0:04.577',-1800.000
'0:04.580',-1600.000
'0:04.583',-1200.000
'0:04.586',-1000.000
'0:04.589',-600.000
'0:04.592',-600.000
'0:04.595',0.000
'0:04.598',400.000
'0:04.601',1000.000
'0:04.604',1000.000
'0:04.607',800.000
'0:04.610',600.000
'0:04.613',600.000
'0:04.616',200.000
'0:04.619',-600.000
'0:04.622',-1000.000
'0:04.625',-1200.000
'0:04.628',-1200.000
'0:04.631',-1400.000
'0:04.634',-1400.000
'0:04.637',-1000.000
'0:04.640',400.000
'0:04.643',2400.000
'0:04.646',4000.000
'0:04.649',5400.000
'0:04.652',5200.000
'0:04.655',3400.000
'0:04.658',1000.000
'0:04.661',-1800.000
'0:04.664',-3800.000
'0:04.667',-4600.000
'0:04.670',-4800.000
'0:04.673',-4200.000
'0:04.676',-3800.000
'0:04.679',-3000.000
'0:04.682',-2600.000
'0:04.685',-2800.000
'0:04.688',-3000.000
'0:04.691',-2400.000
'0:04.694',-1200.000
'0:04.697',400.000
'0:04.700',2000.000
'0:04.703',3200.000
'0:04.706',3800.000
'0:04.709',4400.000
'0:04.712',4400.000
'0:04.715',4600.000
'0:04.718',4000.000
'0:04.721',2800.000
'0:04.724',1200.000
'0:04.727',600.000
'0:04.730',1000.000
'0:04.733',-1000.000
'0:04.736',-6800.000
'0:04.739',-8000.000
'0:04.742',-1600.000
'0:04.745',3200.000
'0:04.748',1400.000
'0:04.751',-2200.000
'0:04.754',-2800.000
'0:04.757',-2400.000
'0:04.760',-4400.000
'0:04.763',-6000.000
'0:04.766',-3000.000
'0:04.769',3800.000
'0:04.772',9000.000
'0:04.775',8400.000
'0:04.778',2800.000
'0:04.781',-3800.000
'0:04.784',-7400.000
'0:04.787',-6200.000
'0:04.790',-2000.000
'0:04.793',2600.000
'0:04.796',5000.000
'0:04.799',4800.000
'0:04.802',2600.000
'0:04.805',-200.000
'0:04.808',-2400.000
'0:04.811',-3800.000
'0:04.814',-3400.000
'0:04.817',-1600.000
'0:04.820',0.000
'0:04.823',1000.000
'0:04.826',1800.000
'0:04.829',2000.000
'0:04.832',1800.000
'0:04.835',1600.000
'0:04.838',1200.000
'0:04.841',400.000
'0:04.844',-200.000
'0:04.847',-600.000
'0:04.850',-1400.000
'0:04.853',-2200.000
'0:04.856',-2000.000
'0:04.859',-1800.000
'0:04.862',-1400.000
'0:04.865',-600.000
'0:04.868',-400.000
'0:04.871',-1600.000
'0:04.874',-2200.000
'0:04.877',-1200.000
'0:04.880',-400.000
'0:04.883',-800.000
'0:04.886',-800.000
'0:04.889',-400.000
'0:04.892',200.000
'0:04.895',800.000
'0:04.898',2000.000
'0:04.901',2800.000
'0:04.904',3400.000
'0:04.907',3400.000
'0:04.910',2600.000
'0:04.913',1200.000
'0:04.916',-400.000
'0:04.919',-2200.000
'0:04.922',-4000.000
'0:04.925',-4800.000
'0:04.928',-1400.000
'0:04.931',1600.000
'0:04.934',1200.000
'0:04.937',400.000
'0:04.940',-1400.000
'0:04.943',-3200.000
'0:04.946',-3800.000
'0:04.949',-3000.000
'0:04.952',-1000.000
'0:04.955',2200.000
'0:04.958',5000.000
'0:04.961',4600.000
'0:04.964',2400.000
'0:04.967',400.000
'0:04.970',-1400.000
'0:04.973',-3000.000
'0:04.976',-3800.000
'0:04.979',-3000.000
'0:04.982',-1800.000
'0:04.985',-600.000
'0:04.988',200.000
'0:04.991',600.000
'0:04.994',600.000
'0:04.997',600.000
'0:05.000',1000.000
'0:05.003',1600.000
'0:05.006',1800.000
'0:05.009',1600.000
'0:05.012',1600.000
'0:05.015',1400.000
'0:05.018',400.000
'0:05.021',-600.000
'0:05.024',-1000.000
'0:05.027',-1400.000
'0:05.030',-1400.000
'0:05.033',-1600.000
'0:05.036',-1600.000
'0:05.039',-1200.000
'0:05.042',-1200.000
'0:05.045',-1600.000
'0:05.048',-1600.000
'0:05.051',-1200.000
'0:05.054',-800.000
'0:05.057',-200.000
'0:05.060',600.000
'0:05.063',800.000
'0:05.066',800.000
'0:05.069',800.000
'0:05.072',600.000
'0:05.075',0.000
'0:05.078',-200.000
'0:05.081',200.000
'0:05.084',600.000
'0:05.087',600.000
'0:05.090',800.000
'0:05.093',600.000
'0:05.096',800.000
'0:05.099',400.000
'0:05.102',-200.000
'0:05.105',-600.000
'0:05.108',-800.000
'0:05.111',-800.000
'0:05.114',-1000.000
'0:05.117',-1200.000
'0:05.120',-1000.000
'0:05.123',-1200.000
'0:05.126',-1600.000
'0:05.129',-1600.000
'0:05.132',-1600.000
'0:05.135',-1400.000
'0:05.138',-1200.000
'0:05.141',-800.000
'0:05.144',0.000
'0:05.147',800.000
'0:05.150',1400.000
'0:05.153',1600.000
'0:05.156',1800.000
'0:05.159',2200.000
'0:05.162',1800.000
'0:05.165',1400.000
'0:05.168',1200.000
'0:05.171',1800.000
'0:05.174',2000.000
'0:05.177',-2000.000
'0:05.180',-6000.000
'0:05.183',-2400.000
'0:05.186',4400.000
'0:05.189',5600.000
'0:05.192',1200.000
'0:05.195',-2000.000
'0:05.198',-2000.000
'0:05.201',-2600.000
'0:05.204',-6000.000
'0:05.207',-7000.000
'0:05.210',-2800.000
'0:05.213',3400.000
'0:05.216',6200.000
'0:05.219',3000.000
'0:05.222',-3000.000
'0:05.225',-7200.000
'0:05.228',-8800.000
'0:05.231',-6000.000
'0:05.234',-600.000
'0:05.237',4600.000
'0:05.240',7200.000
'0:05.243',6800.000
'0:05.246',4800.000
'0:05.249',2200.000
'0:05.252',0.000
'0:05.255',-3000.000
'0:05.258',-1600.000
'0:05.261',6800.000
'0:05.264',8200.000
'0:05.267',-600.000
'0:05.270',-4800.000
'0:05.273',-3000.000
'0:05.276',-1800.000
'0:05.279',-3600.000
'0:05.282',-5200.000
'0:05.285',-5200.000
'0:05.288',-3200.000
'0:05.291',-1000.000
'0:05.294',2000.000
'0:05.297',4600.000
'0:05.300',5800.000
'0:05.303',5800.000
'0:05.306',5400.000
'0:05.309',4000.000
'0:05.312',1200.000
'0:05.315',-2200.000
'0:05.318',-4800.000
'0:05.321',-5600.000
'0:05.324',-5400.000
'0:05.327',-5200.000
'0:05.330',-5000.000
'0:05.333',-4200.000
'0:05.336',-2200.000
'0:05.339',-200.000
'0:05.342',1000.000
'0:05.345',1400.000
'0:05.348',1200.000
'0:05.351',1400.000
'0:05.354',2000.000
'0:05.357',2400.000
'0:05.360',2000.000
'0:05.363',600.000
'0:05.366',-400.000
'0:05.369',2400.000
'0:05.372',5000.000
'0:05.375',3800.000
'0:05.378',2400.000
'0:05.381',0.000
'0:05.384',-4000.000
'0:05.387',-6600.000
'0:05.390',-6600.000
'0:05.393',-5200.000
'0:05.396',-2000.000
'0:05.399',1400.000
'0:05.402',2600.000
'0:05.405',1600.000
'0:05.408',400.000
'0:05.411',-800.000
'0:05.414',-1000.000
'0:05.417',-800.000
'0:05.420',0.000
'0:05.423',600.000
'0:05.426',1000.000
'0:05.429',2000.000
'0:05.432',2800.000
'0:05.435',2600.000
'0:05.438',2000.000
'0:05.441',1400.000
'0:05.444',1000.000
'0:05.447',600.000
'0:05.450',-200.000
'0:05.453',-1200.000
'0:05.456',-1600.000
'0:05.459',-1800.000
'0:05.462',-1800.000
'0:05.465',-1800.000
'0:05.468',-1800.000
'0:05.471',-2000.000
'0:05.474',-2200.000
'0:05.477',-1200.000
'0:05.480',-600.000
'0:05.483',-800.000
'0:05.486',-800.000
'0:05.489',-600.000
'0:05.492',-200.000
'0:05.495',200.000
'0:05.498',-200.000
'0:05.502',-400.000
'0:05.505',200.000
'0:05.508',800.000
'0:05.511',400.000
'0:05.514',-200.000
'0:05.517',200.000
'0:05.520',200.000
'0:05.523',200.000
'0:05.526',200.000
'0:05.529',400.000
'0:05.532',600.000
'0:05.535',600.000
'0:05.538',1000.000
'0:05.541',1400.000
'0:05.544',1800.000
'0:05.547',1400.000
'0:05.550',400.000
'0:05.553',-400.000
'0:05.556',-800.000
'0:05.559',-1000.000
'0:05.562',-1600.000
'0:05.565',-1800.000
'0:05.568',-1400.000
'0:05.571',-1200.000
'0:05.574',-1600.000
'0:05.577',-2000.000
'0:05.580',-2200.000
'0:05.583',-2400.000
'0:05.586',-2200.000
'0:05.589',-1200.000
'0:05.592',-400.000
'0:05.595',600.000
'0:05.598',1600.000
'0:05.601',2600.000
'0:05.604',2800.000
'0:05.607',3000.000
'0:05.610',3000.000
'0:05.613',2600.000
'0:05.616',2800.000
'0:05.619',3000.000
'0:05.622',2000.000
'0:05.625',-3600.000
'0:05.628',-7400.000
'0:05.631',-2000.000
'0:05.634',4600.000
'0:05.637',3800.000
'0:05.640',-1200.000
'0:05.643',-3400.000
'0:05.646',-3000.000
'0:05.649',-5000.000
'0:05.652',-7600.000
'0:05.655',-6000.000
'0:05.658',-200.000
'0:05.661',5400.000
'0:05.664',7000.000
'0:05.667',2800.000
'0:05.670',-3200.000
'0:05.673',-6800.000
'0:05.676',-6800.000
'0:05.679',-2200.000
'0:05.682',3000.000
'0:05.685',6600.000
'0:05.688',6400.000
'0:05.691',4400.000
'0:05.694',1400.000
'0:05.697',-800.000
'0:05.700',-2200.000
'0:05.703',-3000.000
'0:05.706',-2600.000
'0:05.709',-1400.000
'0:05.712',-800.000
'0:05.715',200.000
'0:05.718',1200.000
'0:05.721',2200.000
'0:05.724',2200.000
'0:05.727',1800.000
'0:05.730',1400.000
'0:05.733',1000.000
'0:05.736',400.000
'0:05.739',0.000
'0:05.742',-600.000
'0:05.745',-600.000
'0:05.748',-200.000
'0:05.751',-400.000
'0:05.754',-1000.000
'0:05.757',-1400.000
'0:05.760',-1800.000
'0:05.763',-2000.000
'0:05.766',-2000.000
'0:05.769',-2200.000
'0:05.772',-2400.000
'0:05.775',-1800.000
'0:05.778',-1200.000
'0:05.781',-800.000
'0:05.784',-800.000
'0:05.787',-200.000
'0:05.790',600.000
'0:05.793',1600.000
'0:05.796',1600.000
'0:05.799',1800.000
'0:05.802',4200.000
'0:05.805',5600.000
'0:05.808',2600.000
'0:05.811',-3000.000
'0:05.814',-6000.000
'0:05.817',-2600.000
'0:05.820',4200.000
'0:05.823',7000.000
'0:05.826',1400.000
'0:05.829',-6000.000
'0:05.832',-6800.000
'0:05.835',-3200.000
'0:05.838',-1800.000
'0:05.841',-2800.000
'0:05.844',-400.000
'0:05.847',4600.000
'0:05.850',6000.000
'0:05.853',3200.000
'0:05.856',400.000
'0:05.859',-1400.000
'0:05.862',-2400.000
'0:05.865',-3400.000
'0:05.868',-3800.000
'0:05.871',-3600.000
'0:05.874',-2600.000
'0:05.877',-600.000
'0:05.880',800.000
'0:05.883',1600.000
'0:05.886',1200.000
'0:05.889',600.000
'0:05.892',200.000
'0:05.895',1000.000
'0:05.898',1800.000
'0:05.901',2800.000
'0:05.904',3000.000
'0:05.907',2200.000
'0:05.910',800.000
'0:05.913',-1200.000
'0:05.916',-2000.000
'0:05.919',-400.000
'0:05.922',600.000
'0:05.925',-200.000
'0:05.928',-1800.000
'0:05.931',-2600.000
'0:05.934',-3400.000
'0:05.937',-3400.000
'0:05.940',-3400.000
'0:05.943',-2800.000
'0:05.946',-1400.000
'0:05.949',600.000
'0:05.952',2800.000
'0:05.955',5200.000
'0:05.958',5600.000
'0:05.961',5200.000
'0:05.964',3400.000
'0:05.967',1600.000
'0:05.970',-600.000
'0:05.973',-2400.000
'0:05.976',-3200.000
'0:05.979',-3000.000
'0:05.982',-3200.000
'0:05.985',-3400.000
'0:05.988',-3400.000
'0:05.991',-3200.000
'0:05.994',-3000.000
'0:05.997',-2600.000
'0:06.000',-2000.000
'0:06.003',-1000.000
'0:06.006',0.000
'0:06.009',1000.000
'0:06.012',2200.000
'0:06.015',3200.000
'0:06.018',3400.000
'0:06.021',3000.000
'0:06.024',2400.000
'0:06.027',1400.000
'0:06.030',1000.000
'0:06.033',800.000
'0:06.036',-200.000
'0:06.039',-1200.000
'0:06.042',-2000.000
'0:06.045',-2600.000
'0:06.048',-2800.000
'0:06.051',-2600.000
'0:06.054',-1400.000
'0:06.057',600.000
'0:06.060',2000.000
'0:06.063',-1000.000
'0:06.066',-5400.000
'0:06.069',400.000
'0:06.072',5200.000
'0:06.075',5800.000
'0:06.078',2800.000
'0:06.081',600.000
'0:06.084',1200.000
'0:06.087',800.000
'0:06.090',-2600.000
'0:06.093',-3800.000
'0:06.096',-600.000
'0:06.099',3400.000
'0:06.102',7000.000
'0:06.105',6200.000
'0:06.108',-1000.000
'0:06.111',-7800.000
'0:06.114',-10800.000
'0:06.117',-9000.000
'0:06.120',-3600.000
'0:06.123',1800.000
'0:06.126',5000.000
'0:06.129',4600.000
'0:06.132',2000.000
'0:06.135',-1000.000
'0:06.138',-3200.000
'0:06.141',-4400.000
'0:06.144',-4600.000
'0:06.147',-2800.000
'0:06.150',-1000.000
'0:06.153',200.000
'0:06.156',1200.000
'0:06.159',2400.000
'0:06.162',3400.000
'0:06.165',2800.000
'0:06.168',1600.000
'0:06.171',1200.000
'0:06.174',800.000
'0:06.177',400.000
'0:06.180',-200.000
'0:06.183',-200.000
'0:06.186',200.000
'0:06.189',400.000
'0:06.192',600.000
'0:06.195',0.000
'0:06.198',1000.000
'0:06.201',1400.000
'0:06.204',-200.000
'0:06.207',-2600.000
'0:06.210',-3600.000
'0:06.213',-2000.000
'0:06.216',-400.000
'0:06.219',0.000
'0:06.222',-800.000
'0:06.225',-1200.000
'0:06.228',-600.000
'0:06.231',-600.000
'0:06.234',-1400.000
'0:06.237',-1800.000
'0:06.240',-600.000
'0:06.243',-200.000
'0:06.246',-1400.000
'0:06.249',-2600.000
'0:06.252',-3000.000
'0:06.255',-2800.000
'0:06.258',2000.000
'0:06.261',5600.000
'0:06.264',5800.000
'0:06.267',5600.000
'0:06.270',4800.000
'0:06.273',1200.000
'0:06.276',-3400.000
'0:06.279',-5600.000
'0:06.282',-4200.000
'0:06.285',-600.000
'0:06.288',2800.000
'0:06.291',3600.000
'0:06.294',1800.000
'0:06.297',400.000
'0:06.300',-2000.000
'0:06.303',-4000.000
'0:06.306',-4600.000
'0:06.309',-3400.000
'0:06.312',-1600.000
'0:06.315',-400.000
'0:06.318',400.000
'0:06.321',400.000
'0:06.324',0.000
'0:06.327',0.000
'0:06.330',400.000
'0:06.333',0.000
'0:06.336',-400.000
'0:06.339',-200.000
'0:06.342',400.000
'0:06.345',400.000
'0:06.348',0.000
'0:06.351',-200.000
'0:06.354',400.000
'0:06.357',600.000
'0:06.360',400.000
'0:06.363',600.000
'0:06.366',400.000
'0:06.369',0.000
'0:06.372',-200.000
'0:06.375',200.000
'0:06.378',200.000
'0:06.381',400.000
'0:06.384',400.000
'0:06.387',400.000
'0:06.390',200.000
'0:06.393',0.000
'0:06.396',-200.000
'0:06.399',-600.000
'0:06.402',-800.000
'0:06.405',-1000.000
'0:06.408',-1600.000
'0:06.411',-1600.000
'0:06.414',-1000.000
'0:06.417',-800.000
'0:06.420',-600.000
'0:06.423',-400.000
'0:06.426',0.000
'0:06.429',-400.000
'0:06.432',-1200.000
'0:06.435',-2000.000
'0:06.438',-1600.000
'0:06.441',-200.000
'0:06.444',600.000
'0:06.447',800.000
'0:06.450',600.000
'0:06.453',1000.000
'0:06.456',1400.000
'0:06.459',1000.000
'0:06.462',600.000
'0:06.465',800.000
'0:06.468',800.000
'0:06.471',-200.000
'0:06.474',-600.000
'0:06.477',-800.000
'0:06.480',-800.000
'0:06.483',-800.000
'0:06.486',-1000.000
'0:06.489',-800.000
'0:06.492',-400.000
'0:06.495',200.000
'0:06.498',1200.000
'0:06.502',2600.000
'0:06.505',1200.000
'0:06.508',-5000.000
'0:06.511',-6000.000
'0:06.514',800.000
'0:06.517',6200.000
'0:06.520',3600.000
'0:06.523',0.000
'0:06.526',-600.000
'0:06.529',-2800.000
'0:06.532',-7600.000
'0:06.535',-9200.000
'0:06.538',-4200.000
'0:06.541',4200.000
'0:06.544',10200.000
'0:06.547',9800.000
'0:06.550',3200.000
'0:06.553',-4800.000
'0:06.556',-10400.000
'0:06.559',-11400.000
'0:06.562',-7400.000
'0:06.565',-600.000
'0:06.568',5200.000
'0:06.571',7800.000
'0:06.574',6600.000
'0:06.577',3600.000
'0:06.580',200.000
'0:06.583',-2200.000
'0:06.586',-3000.000
'0:06.589',-2200.000
'0:06.592',-600.000
'0:06.595',1000.000
'0:06.598',2800.000
'0:06.601',4200.000
'0:06.604',7400.000
'0:06.607',10000.000
'0:06.610',-1600.000
'0:06.613',-18800.000
'0:06.616',-14400.000
'0:06.619',6600.000
'0:06.622',12200.000
'0:06.625',400.000
'0:06.628',-5800.000
'0:06.631',1600.000
'0:06.634',6400.000
'0:06.637',-1000.000
'0:06.640',-5200.000
'0:06.643',-4800.000
'0:06.646',-4200.000
'0:06.649',-5000.000
'0:06.652',-5000.000
'0:06.655',-6200.000
'0:06.658',-7400.000
'0:06.661',-3800.000
'0:06.664',3800.000
'0:06.667',7400.000
'0:06.670',6200.000
'0:06.673',7600.000
'0:06.676',11200.000
'0:06.679',10200.000
'0:06.682',4000.000
'0:06.685',-2200.000
'0:06.688',-5800.000
'0:06.691',-6000.000
'0:06.694',-5600.000
'0:06.697',-4000.000
'0:06.700',-400.000
'0:06.703',1400.000
'0:06.706',1400.000
'0:06.709',-600.000
'0:06.712',-5200.000
'0:06.715',-7800.000
'0:06.718',-6400.000
'0:06.721',-2800.000
'0:06.724',2600.000
'0:06.727',6400.000
'0:06.730',7000.000
'0:06.733',6400.000
'0:06.736',4400.000
'0:06.739',1200.000
'0:06.742',-2200.000
'0:06.745',-3400.000
'0:06.748',-2400.000
'0:06.751',-1200.000
'0:06.754',-800.000
'0:06.757',-1000.000
'0:06.760',-1000.000
'0:06.763',-600.000
'0:06.766',400.000
'0:06.769',1200.000
'0:06.772',-200.000
'0:06.775',-4200.000
'0:06.778',-4800.000
'0:06.781',-600.000
'0:06.784',4000.000
'0:06.787',3600.000
'0:06.790',-1800.000
'0:06.793',-4600.000
'0:06.796',-1200.000
'0:06.799',2200.000
'0:06.802',3800.000
'0:06.805',3200.000
'0:06.808',200.000
'0:06.811',-1000.000
'0:06.814',200.000
'0:06.817',600.000
'0:06.820',-800.000
'0:06.823',-2200.000
'0:06.826',-2200.000
'0:06.829',-1200.000
'0:06.832',-1200.000
'0:06.835',-1000.000
'0:06.838',-400.000
'0:06.841',-600.000
'0:06.844',-1200.000
'0:06.847',-800.000
'0:06.850',200.000
'0:06.853',800.000
'0:06.856',800.000
'0:06.859',800.000
'0:06.862',1000.000
'0:06.865',600.000
'0:06.868',400.000
'0:06.871',-200.000
'0:06.874',-1200.000
'0:06.877',-1400.000
'0:06.880',-1000.000
'0:06.883',-200.000
'0:06.886',-400.000
'0:06.889',-800.000
'0:06.892',-600.000
'0:06.895',800.000
'0:06.898',1800.000
'0:06.901',1800.000
'0:06.904',1400.000
'0:06.907',800.000
'0:06.910',1200.000
'0:06.913',800.000
'0:06.916',400.000
'0:06.919',-800.000
'0:06.922',-1600.000
'0:06.925',-2200.000
'0:06.928',-2600.000
'0:06.931',-2200.000
'0:06.934',-1600.000
'0:06.937',-1000.000
'0:06.940',-1000.000
'0:06.943',-800.000
'0:06.946',0.000
'0:06.949',-1200.000
'0:06.952',-2800.000
'0:06.955',2600.000
'0:06.958',10000.000
'0:06.961',6200.000
'0:06.964',-3400.000
'0:06.967',-7800.000
'0:06.970',-5800.000
'0:06.973',-1800.000
'0:06.976',0.000
'0:06.979',400.000
'0:06.982',2200.000
'0:06.985',5200.000
'0:06.988',6800.000
'0:06.991',4000.000
'0:06.994',-2000.000
'0:06.997',-6400.000
'0:07.000',-6800.000
'0:07.003',-4000.000
'0:07.006',-400.000
'0:07.009',2200.000
'0:07.012',2200.000
'0:07.015',600.000
'0:07.018',-1000.000
'0:07.021',-2400.000
'0:07.024',-2400.000
'0:07.027',-2000.000
'0:07.030',-200.000
'0:07.033',1400.000
'0:07.036',2800.000
'0:07.039',3800.000
'0:07.042',3400.000
'0:07.045',3000.000
'0:07.048',2600.000
'0:07.051',1800.000
'0:07.054',1200.000
'0:07.057',200.000
'0:07.060',-1400.000
'0:07.063',-2600.000
'0:07.066',-3800.000
'0:07.069',-4200.000
'0:07.072',-4000.000
'0:07.075',-4400.000
'0:07.078',-2800.000
'0:07.081',-1400.000
'0:07.084',-1000.000
'0:07.087',-1400.000
'0:07.090',-1000.000
'0:07.093',0.000
'0:07.096',400.000
'0:07.099',1200.000
'0:07.102',1400.000
'0:07.105',2200.000
'0:07.108',2400.000
'0:07.111',2000.000
'0:07.114',3000.000
'0:07.117',3600.000
'0:07.120',4400.000
'0:07.123',3600.000
'0:07.126',2400.000
'0:07.129',800.000
'0:07.132',-1400.000
'0:07.135',-3400.000
'0:07.138',-5800.000
'0:07.141',-7400.000
'0:07.144',-3600.000
'0:07.147',1200.000
'0:07.150',1400.000
'0:07.153',-400.000
'0:07.156',-1400.000
'0:07.159',-4200.000
'0:07.162',-4000.000
'0:07.165',-1200.000
'0:07.168',1400.000
'0:07.171',1800.000
'0:07.174',2600.000
'0:07.177',4400.000
'0:07.180',2800.000
'0:07.183',1400.000
'0:07.186',-600.000
'0:07.189',-800.000
'0:07.192',-2000.000
'0:07.195',-2200.000
'0:07.198',-1200.000
'0:07.201',-1000.000
'0:07.204',600.000
'0:07.207',-200.000
'0:07.210',200.000
'0:07.213',400.000
'0:07.216',-400.000
'0:07.219',600.000
'0:07.222',-200.000
'0:07.225',400.000
'0:07.228',400.000
'0:07.231',200.000
'0:07.234',1000.000
'0:07.237',1000.000
'0:07.240',1800.000
'0:07.243',2400.000
'0:07.246',1400.000
'0:07.249',1200.000
'0:07.252',-600.000
'0:07.255',-2000.000
'0:07.258',-2200.000
'0:07.261',-2800.000
'0:07.264',-1600.000
'0:07.267',-1400.000
'0:07.270',-800.000
'0:07.273',-200.000
'0:07.276',-1000.000
'0:07.279',-1400.000
'0:07.282',-2400.000
'0:07.285',-2800.000
'0:07.288',-2600.000
'0:07.291',-2800.000
'0:07.294',-1400.000
'0:07.297',-600.000
'0:07.300',600.000
'0:07.303',2600.000
'0:07.306',3600.000
'0:07.309',4800.000
'0:07.312',4000.000
'0:07.315',3000.000
'0:07.318',1600.000
'0:07.321',400.000
'0:07.324',-200.000
'0:07.327',-1400.000
'0:07.330',-1800.000
'0:07.333',-2000.000
'0:07.336',-2000.000
'0:07.339',-1400.000
'0:07.342',-1400.000
'0:07.345',-1200.000
'0:07.348',-800.000
'0:07.351',-600.000
'0:07.354',-400.000
'0:07.357',-200.000
'0:07.360',400.000
'0:07.363',800.000
'0:07.366',1600.000
'0:07.369',1400.000
'0:07.372',1400.000
'0:07.375',600.000
'0:07.378',-200.000
'0:07.381',200.000
'0:07.384',600.000
'0:07.387',1800.000
'0:07.390',2000.000
'0:07.393',-3800.000
'0:07.396',-8400.000
'0:07.399',-3000.000
'0:07.402',6000.000
'0:07.405',7000.000
'0:07.408',1400.000
'0:07.411',-1800.000
'0:07.414',-1600.000
'0:07.417',-3200.000
'0:07.420',-7200.000
'0:07.423',-7800.000
'0:07.426',-2000.000
'0:07.429',5200.000
'0:07.432',8400.000
'0:07.435',5400.000
'0:07.438',-1600.000
'0:07.441',-7600.000
'0:07.444',-8400.000
'0:07.447',-4600.000
'0:07.450',1000.000
'0:07.453',6000.000
'0:07.456',8600.000
'0:07.459',7400.000
'0:07.462',3600.000
'0:07.465',-600.000
'0:07.468',-3400.000
'0:07.471',-3800.000
'0:07.474',-3000.000
'0:07.477',-1800.000
'0:07.480',-600.000
'0:07.483',0.000
'0:07.486',400.000
'0:07.489',1000.000
'0:07.492',1200.000
'0:07.495',600.000
'0:07.498',600.000
'0:07.502',200.000
'0:07.505',-1000.000
'0:07.508',-3800.000
'0:07.511',-5400.000
'0:07.514',6400.000
'0:07.517',12600.000
'0:07.520',600.000
'0:07.523',-7600.000
'0:07.526',-6600.000
'0:07.529',-6400.000
'0:07.532',-5200.000
'0:07.535',-4000.000
'0:07.538',-3000.000
'0:07.541',-1000.000
'0:07.544',2400.000
'0:07.547',3400.000
'0:07.550',3600.000
'0:07.553',5000.000
'0:07.556',5800.000
'0:07.559',4800.000
'0:07.562',3000.000
'0:07.565',1800.000
'0:07.568',1200.000
'0:07.571',-200.000
'0:07.574',-1400.000
'0:07.577',-2400.000
'0:07.580',-4200.000
'0:07.583',-7000.000
'0:07.586',-6600.000
'0:07.589',-200.000
'0:07.592',4000.000
'0:07.595',3200.000
'0:07.598',400.000
'0:07.601',-1200.000
'0:07.604',-3800.000
'0:07.607',-5000.000
'0:07.610',-5400.000
'0:07.613',-1800.000
'0:07.616',2800.000
'0:07.619',5000.000
'0:07.622',3600.000
'0:07.625',2600.000
'0:07.628',1400.000
'0:07.631',0.000
'0:07.634',-1400.000
'0:07.637',-2800.000
'0:07.640',-2200.000
'0:07.643',600.000
'0:07.646',2400.000
'0:07.649',1000.000
'0:07.652',-1200.000
'0:07.655',-1400.000
'0:07.658',-400.000
'0:07.661',400.000
'0:07.664',1200.000
'0:07.667',1400.000
'0:07.670',600.000
'0:07.673',0.000
'0:07.676',-200.000
'0:07.679',0.000
'0:07.682',1200.000
'0:07.685',600.000
'0:07.688',-400.000
'0:07.691',-1200.000
'0:07.694',400.000
'0:07.697',-1000.000
'0:07.700',-3000.000
'0:07.703',-3200.000
'0:07.706',-200.000
'0:07.709',800.000
'0:07.712',-800.000
'0:07.715',-2000.000
'0:07.718',-800.000
'0:07.721',200.000
'0:07.724',-400.000
'0:07.727',-1200.000
'0:07.730',-200.000
'0:07.733',1000.000
'0:07.736',1400.000
'0:07.739',800.000
'0:07.742',800.000
'0:07.745',800.000
'0:07.748',600.000
'0:07.751',400.000
'0:07.754',1800.000
'0:07.757',2400.000
'0:07.760',400.000
'0:07.763',-2000.000
'0:07.766',-2400.000
'0:07.769',-2800.000
'0:07.772',-2800.000
'0:07.775',-2400.000
'0:07.778',-1400.000
'0:07.781',0.000
'0:07.784',800.000
'0:07.787',2000.000
'0:07.790',2000.000
'0:07.793',800.000
'0:07.796',-200.000
'0:07.799',-200.000
'0:07.802',-400.000
'0:07.805',-1200.000
'0:07.808',-1000.000
'0:07.811',-200.000
'0:07.814',200.000
'0:07.817',200.000
'0:07.820',0.000
'0:07.823',400.000
'0:07.826',400.000
'0:07.829',0.000
'0:07.832',200.000
'0:07.835',3000.000
'0:07.838',2600.000
'0:07.841',-3600.000
'0:07.844',-8200.000
'0:07.847',-1400.000
'0:07.850',6200.000
'0:07.853',6600.000
'0:07.856',-200.000
'0:07.859',-4400.000
'0:07.862',2600.000
'0:07.865',8200.000
'0:07.868',-3000.000
'0:07.871',-18800.000
'0:07.874',-15200.000
'0:07.877',2800.000
'0:07.880',12400.000
'0:07.883',8000.000
'0:07.886',2200.000
'0:07.889',-600.000
'0:07.892',-1400.000
'0:07.895',1200.000
'0:07.898',4800.000
'0:07.901',7000.000
'0:07.904',2200.000
'0:07.907',-3800.000
'0:07.910',-7400.000
'0:07.913',-8400.000
'0:07.916',-10000.000
'0:07.919',-9400.000
'0:07.922',-6000.000
'0:07.925',-1600.000
'0:07.928',2400.000
'0:07.931',4200.000
'0:07.934',7000.000
'0:07.937',8000.000
'0:07.940',7800.000
'0:07.943',6200.000
'0:07.946',5600.000
'0:07.949',4200.000
'0:07.952',3000.000
'0:07.955',-400.000
'0:07.958',-3000.000
'0:07.961',-4800.000
'0:07.964',-5200.000
'0:07.967',-5800.000
'0:07.970',-6800.000
'0:07.973',-5400.000
'0:07.976',-5000.000
'0:07.979',-4400.000
'0:07.982',-3600.000
'0:07.985',-1400.000
'0:07.988',600.000
'0:07.991',1600.000
'0:07.994',2800.000
'0:07.997',4400.000
'0:08.000',5800.000
'0:08.003',6000.000
'0:08.006',5200.000
'0:08.009',3200.000
'0:08.012',2200.000
'0:08.015',1800.000
'0:08.018',1800.000
'0:08.021',400.000
'0:08.024',-1600.000
'0:08.027',-5000.000
'0:08.030',-6000.000
'0:08.033',-1600.000
'0:08.036',2600.000
'0:08.039',3000.000
'0:08.042',1600.000
'0:08.045',-3600.000
'0:08.048',-7800.000
'0:08.051',-7600.000
'0:08.054',-5400.000
'0:08.057',-2600.000
'0:08.060',1200.000
'0:08.063',4400.000
'0:08.066',4600.000
'0:08.069',3000.000
'0:08.072',1000.000
'0:08.075',-600.000
'0:08.078',-1000.000
'0:08.081',-1000.000
'0:08.084',-800.000
'0:08.087',-200.000
'0:08.090',200.000
'0:08.093',1000.000
'0:08.096',1200.000
'0:08.099',1000.000
'0:08.102',1400.000
'0:08.105',800.000
'0:08.108',1400.000
'0:08.111',0.000
'0:08.114',-600.000
'0:08.117',-1000.000
'0:08.120',-1200.000
'0:08.123',-1000.000
'0:08.126',-1400.000
'0:08.129',-600.000
'0:08.132',-800.000
'0:08.135',-400.000
'0:08.138',-1000.000
'0:08.141',-600.000
'0:08.144',200.000
'0:08.147',0.000
'0:08.150',400.000
'0:08.153',-1600.000
'0:08.156',-1600.000
'0:08.159',3400.000
'0:08.162',5800.000
'0:08.165',800.000
'0:08.168',-4000.000
'0:08.171',-2400.000
'0:08.174',-1000.000
'0:08.177',-1600.000
'0:08.180',-2400.000
'0:08.183',-2000.000
'0:08.186',-400.000
'0:08.189',1000.000
'0:08.192',3400.000
'0:08.195',3800.000
'0:08.198',2400.000
'0:08.201',1000.000
'0:08.204',200.000
'0:08.207',-1000.000
'0:08.210',-1200.000
'0:08.213',-1400.000
'0:08.216',-1000.000
'0:08.219',-2000.000
'0:08.222',-2200.000
'0:08.225',-1400.000
'0:08.228',-1600.000
'0:08.231',-1800.000
'0:08.234',-1200.000
'0:08.237',-400.000
'0:08.240',200.000
'0:08.243',-400.000
'0:08.246',-400.000
'0:08.249',600.000
'0:08.252',1000.000
'0:08.255',1200.000
'0:08.258',1000.000
'0:08.261',400.000
'0:08.264',1200.000
'0:08.267',1400.000
'0:08.270',2000.000
'0:08.273',2200.000
'0:08.276',-1200.000
'0:08.279',-5800.000
'0:08.282',-2200.000
'0:08.285',6400.000
'0:08.288',7000.000
'0:08.291',-1400.000
'0:08.294',-5000.000
'0:08.297',-3400.000
'0:08.300',-2600.000
'0:08.303',-3800.000
'0:08.306',-5400.000
'0:08.309',-2400.000
'0:08.312',4200.000
'0:08.315',8200.000
'0:08.318',6800.000
'0:08.321',0.000
'0:08.324',-7400.000
'0:08.327',-8800.000
'0:08.330',-5600.000
'0:08.333',600.000
'0:08.336',6000.000
'0:08.339',7000.000
'0:08.342',5400.000
'0:08.345',2000.000
'0:08.348',-1200.000
'0:08.351',-3000.000
'0:08.354',-4200.000
'0:08.357',-3000.000
'0:08.360',-1400.000
'0:08.363',-200.000
'0:08.366',1400.000
'0:08.369',1200.000
'0:08.372',1400.000
'0:08.375',1000.000
'0:08.378',0.000
'0:08.381',200.000
'0:08.384',0.000
'0:08.387',0.000
'0:08.390',-600.000
'0:08.393',-800.000
'0:08.396',-400.000
'0:08.399',-1400.000
'0:08.402',-1400.000
'0:08.405',-1200.000
'0:08.408',-200.000
'0:08.411',0.000
'0:08.414',-400.000
'0:08.417',-600.000
'0:08.420',-600.000
'0:08.423',0.000
'0:08.426',-200.000
'0:08.429',600.000
'0:08.432',0.000
'0:08.435',-800.000
'0:08.438',-800.000
'0:08.441',-800.000
'0:08.444',-400.000
'0:08.447',-600.000
'0:08.450',0.000
'0:08.453',400.000
'0:08.456',400.000
'0:08.459',600.000
'0:08.462',-800.000
'0:08.465',-1400.000
'0:08.468',-3400.000
'0:08.471',200.000
'0:08.474',6400.000
'0:08.477',7200.000
'0:08.480',3800.000
'0:08.483',1200.000
'0:08.486',-2200.000
'0:08.489',-6000.000
'0:08.492',-5800.000
'0:08.495',-4400.000
'0:08.498',-3000.000
'0:08.502',-1000.000
'0:08.505',1600.000
'0:08.508',2200.000
'0:08.511',1800.000
'0:08.514',1600.000
'0:08.517',1800.000
'0:08.520',2400.000
'0:08.523',2600.000
'0:08.526',3000.000
'0:08.529',2600.000
'0:08.532',2000.000
'0:08.535',400.000
'0:08.538',-1600.000
'0:08.541',-3800.000
'0:08.544',-5000.000
'0:08.547',-5200.000
'0:08.550',-4200.000
'0:08.553',-3200.000
'0:08.556',-2200.000
'0:08.559',-1200.000
'0:08.562',-800.000
'0:08.565',-800.000
'0:08.568',-400.000
'0:08.571',0.000
'0:08.574',1000.000
'0:08.577',1800.000
'0:08.580',2000.000
'0:08.583',2400.000
'0:08.586',3000.000
'0:08.589',2800.000
'0:08.592',2200.000
'0:08.595',1600.000
'0:08.598',1000.000
'0:08.601',0.000
'0:08.604',-1000.000
'0:08.607',-2000.000
'0:08.610',-2600.000
'0:08.613',-2600.000
'0:08.616',-3400.000
'0:08.619',-3200.000
'0:08.622',-2000.000
'0:08.625',-1000.000
'0:08.628',1000.000
'0:08.631',2800.000
'0:08.634',3000.000
'0:08.637',1600.000
'0:08.640',1000.000
'0:08.643',1200.000
'0:08.646',1400.000
'0:08.649',600.000
'0:08.652',0.000
'0:08.655',0.000
'0:08.658',800.000
'0:08.661',800.000
'0:08.664',400.000
'0:08.667',-600.000
'0:08.670',-1000.000
'0:08.673',-1600.000
'0:08.676',-1800.000
'0:08.679',-2000.000
'0:08.682',-1000.000
'0:08.685',-600.000
'0:08.688',-600.000
'0:08.691',-1400.000
'0:08.694',-1600.000
'0:08.697',-1800.000
'0:08.700',-1000.000
'0:08.703',-800.000
'0:08.706',400.000
'0:08.709',1600.000
'0:08.712',2800.000
'0:08.715',-1200.000
'0:08.718',-7600.000
'0:08.721',-6400.000
'0:08.724',2400.000
'0:08.727',9400.000
'0:08.730',7400.000
'0:08.733',3400.000
'0:08.736',1200.000
'0:08.739',-1400.000
'0:08.742',-7200.000
'0:08.745',-9800.000
'0:08.748',-4000.000
'0:08.751',4400.000
'0:08.754',10200.000
'0:08.757',8400.000
'0:08.760',1400.000
'0:08.763',-6000.000
'0:08.766',-9800.000
'0:08.769',-8000.000
'0:08.772',-2600.000
'0:08.775',3800.000
'0:08.778',7400.000
'0:08.781',7200.000
'0:08.784',3800.000
'0:08.787',200.000
'0:08.790',-3000.000
'0:08.793',-5000.000
'0:08.796',-6000.000
'0:08.799',-4600.000
'0:08.802',-2600.000
'0:08.805',-800.000
'0:08.808',1000.000
'0:08.811',2600.000
'0:08.814',4000.000
'0:08.817',4000.000
'0:08.820',1800.000
'0:08.823',400.000
'0:08.826',400.000
'0:08.829',1000.000
'0:08.832',800.000
'0:08.835',-200.000
'0:08.838',-200.000
'0:08.841',-600.000
'0:08.844',-1000.000
'0:08.847',-400.000
'0:08.850',-1400.000
'0:08.853',-2200.000
'0:08.856',-3400.000
'0:08.859',-3400.000
'0:08.862',-2000.000
'0:08.865',-1800.000
'0:08.868',-1800.000
'0:08.871',-1400.000
'0:08.874',-400.000
'0:08.877',1200.000
'0:08.880',2400.000
'0:08.883',3400.000
'0:08.886',3000.000
'0:08.889',2800.000
'0:08.892',2000.000
'0:08.895',800.000
'0:08.898',-200.000
'0:08.901',-1600.000
'0:08.904',-4000.000
'0:08.907',-4800.000
'0:08.910',-200.000
'0:08.913',2800.000
'0:08.916',3600.000
'0:08.919',2600.000
'0:08.922',400.000
'0:08.925',-3200.000
'0:08.928',-6200.000
'0:08.931',-6200.000
'0:08.934',-3400.000
'0:08.937',2800.000
'0:08.940',5800.000
'0:08.943',5600.000
'0:08.946',3000.000
'0:08.949',1200.000
'0:08.952',-1000.000
'0:08.955',-3400.000
'0:08.958',-3600.000
'0:08.961',-2200.000
'0:08.964',200.000
'0:08.967',400.000
'0:08.970',600.000
'0:08.973',1000.000
'0:08.976',800.000
'0:08.979',1200.000
'0:08.982',600.000
'0:08.985',600.000
'0:08.988',600.000
'0:08.991',200.000
'0:08.994',0.000
'0:08.997',-400.000
'0:09.000',-800.000
'0:09.003',-1000.000
'0:09.006',-1800.000
'0:09.009',-2000.000
'0:09.012',-2800.000
'0:09.015',-2400.000
'0:09.018',-1600.000
'0:09.021',-1600.000
'0:09.024',-600.000
'0:09.027',-200.000
'0:09.030',600.000
'0:09.033',800.000
'0:09.036',800.000
'0:09.039',2000.000
'0:09.042',2200.000
'0:09.045',2000.000
'0:09.048',1200.000
'0:09.051',-200.000
'0:09.054',-400.000
'0:09.057',-600.000
'0:09.060',0.000
'0:09.063',200.000
'0:09.066',-400.000
'0:09.069',200.000
'0:09.072',800.000
'0:09.075',1000.000
'0:09.078',1600.000
'0:09.081',600.000
'0:09.084',200.000
'0:09.087',0.000
'0:09.090',-600.000
'0:09.093',-1200.000
'0:09.096',-2000.000
'0:09.099',-2000.000
'0:09.102',-2200.000
'0:09.105',-2000.000
'0:09.108',-1600.000
'0:09.111',-2000.000
'0:09.114',-1800.000
'0:09.117',-2400.000
'0:09.120',-1200.000
'0:09.123',-200.000
'0:09.126',1200.000
'0:09.129',2600.000
'0:09.132',3000.000
'0:09.135',3200.000
'0:09.138',2200.000
'0:09.141',1400.000
'0:09.144',400.000
'0:09.147',800.000
'0:09.150',2000.000
'0:09.153',200.000
'0:09.156',-5400.000
'0:09.159',-7400.000
'0:09.162',-1400.000
'0:09.165',3200.000
'0:09.168',2600.000
'0:09.171',600.000
'0:09.174',400.000
'0:09.177',0.000
'0:09.180',-4200.000
'0:09.183',-5600.000
'0:09.186',-400.000
'0:09.189',5200.000
'0:09.192',9800.000
'0:09.195',8800.000
'0:09.198',2600.000
'0:09.201',-5600.000
'0:09.204',-11600.000
'0:09.207',-12400.000
'0:09.210',-7600.000
'0:09.213',200.000
'0:09.216',6600.000
'0:09.219',7800.000
'0:09.222',4600.000
'0:09.225',-400.000
'0:09.228',-4200.000
'0:09.231',-5800.000
'0:09.234',-5200.000
'0:09.237',-3400.000
'0:09.240',-1000.000
'0:09.243',1000.000
'0:09.246',3600.000
'0:09.249',5200.000
'0:09.252',6000.000
'0:09.255',5400.000
'0:09.258',3200.000
'0:09.261',1400.000
'0:09.264',-800.000
'0:09.267',-2800.000
'0:09.270',-4200.000
'0:09.273',-5800.000
'0:09.276',-5200.000
'0:09.279',-3200.000
'0:09.282',-1200.000
'0:09.285',400.000
'0:09.288',-200.000
'0:09.291',0.000
'0:09.294',400.000
'0:09.297',-600.000
'0:09.300',-400.000
'0:09.303',200.000
'0:09.306',1000.000
'0:09.309',2000.000
'0:09.312',2200.000
'0:09.315',2400.000
'0:09.318',2400.000
'0:09.321',2200.000
'0:09.324',2600.000
'0:09.327',2000.000
'0:09.330',1400.000
'0:09.333',1000.000
'0:09.336',-600.000
'0:09.339',-3200.000
'0:09.342',-6600.000
'0:09.345',-5600.000
'0:09.348',400.000
'0:09.351',2800.000
'0:09.354',2400.000
'0:09.357',-1200.000
'0:09.360',-7400.000
'0:09.363',-9200.000
'0:09.366',-8000.000
'0:09.369',-5200.000
'0:09.372',1000.000
'0:09.375',6000.000
'0:09.378',4800.000
'0:09.381',-200.000
'0:09.384',1000.000
'0:09.387',6400.000
'0:09.390',6600.000
'0:09.393',2200.000
'0:09.396',-200.000
'0:09.399',-200.000
'0:09.402',200.000
'0:09.405',-200.000
'0:09.408',-1200.000
'0:09.411',-1000.000
'0:09.414',-1000.000
'0:09.417',-800.000
'0:09.420',-600.000
'0:09.423',-1000.000
'0:09.426',-1400.000
'0:09.429',-1000.000
'0:09.432',-400.000
'0:09.435',-200.000
'0:09.438',600.000
'0:09.441',200.000
'0:09.444',-400.000
'0:09.447',-600.000
'0:09.450',-1000.000
'0:09.453',-1600.000
'0:09.456',-1800.000
'0:09.459',-1400.000
'0:09.462',-600.000
'0:09.465',-200.000
'0:09.468',0.000
'0:09.471',200.000
'0:09.474',400.000
'0:09.477',400.000
'0:09.480',800.000
'0:09.483',1200.000
'0:09.486',1200.000
'0:09.489',400.000
'0:09.492',600.000
'0:09.495',400.000
'0:09.498',0.000
'0:09.502',200.000
'0:09.505',-200.000
'0:09.508',-200.000
'0:09.511',-400.000
'0:09.514',-800.000
'0:09.517',-1400.000
'0:09.520',-1400.000
'0:09.523',-1400.000
'0:09.526',-800.000
'0:09.529',-200.000
'0:09.532',-400.000
'0:09.535',-400.000
'0:09.538',-800.000
'0:09.541',-600.000
'0:09.544',0.000
'0:09.547',200.000
'0:09.550',0.000
'0:09.553',400.000
'0:09.556',800.000
'0:09.559',400.000
'0:09.562',-400.000
'0:09.565',-600.000
'0:09.568',1000.000
'0:09.571',2000.000
'0:09.574',-6000.000
'0:09.577',-12200.000
'0:09.580',-3400.000
'0:09.583',11600.000
'0:09.586',14600.000
'0:09.589',1800.000
'0:09.592',-8000.000
'0:09.595',-1000.000
'0:09.598',7000.000
'0:09.601',3200.000
'0:09.604',-3800.000
'0:09.607',-6200.000
'0:09.610',-7800.000
'0:09.613',-9200.000
'0:09.616',-6400.000
'0:09.619',400.000
'0:09.622',6800.000
'0:09.625',10600.000
'0:09.628',8600.000
'0:09.631',2400.000
'0:09.634',-4400.000
'0:09.637',-7400.000
'0:09.640',-4800.000
'0:09.643',800.000
'0:09.646',5400.000
'0:09.649',6200.000
'0:09.652',4400.000
'0:09.655',1000.000
'0:09.658',-1400.000
'0:09.661',-2600.000
'0:09.664',-3000.000
'0:09.667',-3200.000
'0:09.670',-3000.000
'0:09.673',-2200.000
'0:09.676',-800.000
'0:09.679',400.000
'0:09.682',0.000
'0:09.685',200.000
'0:09.688',600.000
'0:09.691',400.000
'0:09.694',600.000
'0:09.697',200.000
'0:09.700',-3600.000
'0:09.703',-6400.000
'0:09.706',-3000.000
'0:09.709',3800.000
'0:09.712',5800.000
'0:09.715',3600.000
'0:09.718',2400.000
'0:09.721',2000.000
'0:09.724',-200.000
'0:09.727',-2800.000
'0:09.730',-4000.000
'0:09.733',-4200.000
'0:09.736',-3400.000
'0:09.739',-1800.000
'0:09.742',0.000
'0:09.745',2000.000
'0:09.748',2600.000
'0:09.751',3000.000
'0:09.754',3200.000
'0:09.757',3600.000
'0:09.760',2400.000
'0:09.763',-800.000
'0:09.766',-2800.000
'0:09.769',-800.000
'0:09.772',1600.000
'0:09.775',400.000
'0:09.778',-2800.000
'0:09.781',-5200.000
'0:09.784',-4200.000
'0:09.787',-200.000
'0:09.790',600.000
'0:09.793',-800.000
'0:09.796',-1200.000
'0:09.799',-2600.000
'0:09.802',-3400.000
'0:09.805',-1400.000
'0:09.808',600.000
'0:09.811',1200.000
'0:09.814',2200.000
'0:09.817',3600.000
'0:09.820',4000.000
'0:09.823',3200.000
'0:09.826',2600.000
'0:09.829',600.000
'0:09.832',-1600.000
'0:09.835',-2600.000
'0:09.838',-1800.000
'0:09.841',-800.000
'0:09.844',-600.000
'0:09.847',-800.000
'0:09.850',-400.000
'0:09.853',800.000
'0:09.856',4400.000
'0:09.859',8800.000
'0:09.862',-4200.000
'0:09.865',-24200.000
'0:09.868',-15600.000
'0:09.871',13200.000
'0:09.874',20400.000
'0:09.877',1200.000
'0:09.880',-8200.000
'0:09.883',4000.000
'0:09.886',11800.000
'0:09.889',1000.000
'0:09.892',-8200.000
'0:09.895',-6800.000
'0:09.898',-2800.000
'0:09.901',-3400.000
'0:09.904',-6000.000
'0:09.907',-5800.000
'0:09.910',-1800.000
'0:09.913',2600.000
'0:09.916',4400.000
'0:09.919',3400.000
'0:09.922',3400.000
'0:09.925',6200.000
'0:09.928',4400.000
'0:09.931',1200.000
'0:09.934',800.000
'0:09.937',3000.000
'0:09.940',1800.000
'0:09.943',-2000.000
'0:09.946',-5000.000
'0:09.949',-5800.000
'0:09.952',-5800.000
'0:09.955',-5000.000
'0:09.958',-4000.000
'0:09.961',-2800.000
'0:09.964',-1000.000
'0:09.967',800.000
'0:09.970',2000.000
'0:09.973',2400.000
'0:09.976',2200.000
'0:09.979',1600.000
'0:09.982',1000.000
'0:09.985',1800.000
'0:09.988',2600.000
'0:09.991',3000.000
'0:09.994',2600.000
'0:09.997',2200.000
